Name,Event_Date__c,Event_Description__c,Event_Location__c,"Account__r.External_Key__c
",External_Key__c
EV1,9/10/2024,Event Description 1,Event Location1,9Sep24A1,9Sep24E1
EV2,9/11/2024,Event Description 2,Event Location2,9Sep24A1,9Sep24E2
EV3,9/12/2024,Event Description 3,Event Location3,9Sep24A1,9Sep24E3
EV4,9/13/2024,Event Description 4,Event Location4,9Sep24A1,9Sep24E4
EV5,9/14/2024,Event Description 5,Event Location5,9Sep24A1,9Sep24E5
EV6,9/15/2024,Event Description 6,Event Location6,9Sep24A1,9Sep24E6
EV7,9/16/2024,Event Description 7,Event Location7,9Sep24A1,9Sep24E7
EV8,9/17/2024,Event Description 8,Event Location8,9Sep24A1,9Sep24E8
EV9,9/18/2024,Event Description 9,Event Location9,9Sep24A1,9Sep24E9
EV10,9/19/2024,Event Description 10,Event Location10,9Sep24A1,9Sep24E10
EV11,9/20/2024,Event Description 11,Event Location11,9Sep24A1,9Sep24E11
EV12,9/21/2024,Event Description 12,Event Location12,9Sep24A1,9Sep24E12
EV13,9/22/2024,Event Description 13,Event Location13,9Sep24A1,9Sep24E13
EV14,9/23/2024,Event Description 14,Event Location14,9Sep24A1,9Sep24E14
EV15,9/24/2024,Event Description 15,Event Location15,9Sep24A1,9Sep24E15
EV16,9/25/2024,Event Description 16,Event Location16,9Sep24A1,9Sep24E16
EV17,9/26/2024,Event Description 17,Event Location17,9Sep24A1,9Sep24E17
EV18,9/27/2024,Event Description 18,Event Location18,9Sep24A1,9Sep24E18
EV19,9/28/2024,Event Description 19,Event Location19,9Sep24A1,9Sep24E19
EV20,9/29/2024,Event Description 20,Event Location20,9Sep24A1,9Sep24E20
EV21,9/30/2024,Event Description 21,Event Location21,9Sep24A1,9Sep24E21
EV22,10/1/2024,Event Description 22,Event Location22,9Sep24A1,9Sep24E22
EV23,10/2/2024,Event Description 23,Event Location23,9Sep24A1,9Sep24E23
EV24,10/3/2024,Event Description 24,Event Location24,9Sep24A1,9Sep24E24
EV25,10/4/2024,Event Description 25,Event Location25,9Sep24A1,9Sep24E25
EV26,10/5/2024,Event Description 26,Event Location26,9Sep24A1,9Sep24E26
EV27,10/6/2024,Event Description 27,Event Location27,9Sep24A1,9Sep24E27
EV28,10/7/2024,Event Description 28,Event Location28,9Sep24A1,9Sep24E28
EV29,10/8/2024,Event Description 29,Event Location29,9Sep24A1,9Sep24E29
EV30,10/9/2024,Event Description 30,Event Location30,9Sep24A1,9Sep24E30
EV31,10/10/2024,Event Description 31,Event Location31,9Sep24A1,9Sep24E31
EV32,10/11/2024,Event Description 32,Event Location32,9Sep24A1,9Sep24E32
EV33,10/12/2024,Event Description 33,Event Location33,9Sep24A1,9Sep24E33
EV34,10/13/2024,Event Description 34,Event Location34,9Sep24A1,9Sep24E34
EV35,10/14/2024,Event Description 35,Event Location35,9Sep24A1,9Sep24E35
EV36,10/15/2024,Event Description 36,Event Location36,9Sep24A1,9Sep24E36
EV37,10/16/2024,Event Description 37,Event Location37,9Sep24A1,9Sep24E37
EV38,10/17/2024,Event Description 38,Event Location38,9Sep24A1,9Sep24E38
EV39,10/18/2024,Event Description 39,Event Location39,9Sep24A1,9Sep24E39
EV40,10/19/2024,Event Description 40,Event Location40,9Sep24A1,9Sep24E40
EV41,10/20/2024,Event Description 41,Event Location41,9Sep24A1,9Sep24E41
EV42,10/21/2024,Event Description 42,Event Location42,9Sep24A1,9Sep24E42
EV43,10/22/2024,Event Description 43,Event Location43,9Sep24A1,9Sep24E43
EV44,10/23/2024,Event Description 44,Event Location44,9Sep24A1,9Sep24E44
EV45,10/24/2024,Event Description 45,Event Location45,9Sep24A1,9Sep24E45
EV46,10/25/2024,Event Description 46,Event Location46,9Sep24A1,9Sep24E46
EV47,10/26/2024,Event Description 47,Event Location47,9Sep24A1,9Sep24E47
EV48,10/27/2024,Event Description 48,Event Location48,9Sep24A1,9Sep24E48
EV49,10/28/2024,Event Description 49,Event Location49,9Sep24A1,9Sep24E49
EV50,10/29/2024,Event Description 50,Event Location50,9Sep24A1,9Sep24E50
EV51,10/30/2024,Event Description 51,Event Location51,9Sep24A2,9Sep24E51
EV52,10/31/2024,Event Description 52,Event Location52,9Sep24A2,9Sep24E52
EV53,11/1/2024,Event Description 53,Event Location53,9Sep24A2,9Sep24E53
EV54,11/2/2024,Event Description 54,Event Location54,9Sep24A2,9Sep24E54
EV55,11/3/2024,Event Description 55,Event Location55,9Sep24A2,9Sep24E55
EV56,11/4/2024,Event Description 56,Event Location56,9Sep24A2,9Sep24E56
EV57,11/5/2024,Event Description 57,Event Location57,9Sep24A2,9Sep24E57
EV58,11/6/2024,Event Description 58,Event Location58,9Sep24A2,9Sep24E58
EV59,11/7/2024,Event Description 59,Event Location59,9Sep24A2,9Sep24E59
EV60,11/8/2024,Event Description 60,Event Location60,9Sep24A2,9Sep24E60
EV61,11/9/2024,Event Description 61,Event Location61,9Sep24A2,9Sep24E61
EV62,11/10/2024,Event Description 62,Event Location62,9Sep24A2,9Sep24E62
EV63,11/11/2024,Event Description 63,Event Location63,9Sep24A2,9Sep24E63
EV64,11/12/2024,Event Description 64,Event Location64,9Sep24A2,9Sep24E64
EV65,11/13/2024,Event Description 65,Event Location65,9Sep24A2,9Sep24E65
EV66,11/14/2024,Event Description 66,Event Location66,9Sep24A2,9Sep24E66
EV67,11/15/2024,Event Description 67,Event Location67,9Sep24A2,9Sep24E67
EV68,11/16/2024,Event Description 68,Event Location68,9Sep24A2,9Sep24E68
EV69,11/17/2024,Event Description 69,Event Location69,9Sep24A2,9Sep24E69
EV70,11/18/2024,Event Description 70,Event Location70,9Sep24A2,9Sep24E70
EV71,11/19/2024,Event Description 71,Event Location71,9Sep24A2,9Sep24E71
EV72,11/20/2024,Event Description 72,Event Location72,9Sep24A2,9Sep24E72
EV73,11/21/2024,Event Description 73,Event Location73,9Sep24A2,9Sep24E73
EV74,11/22/2024,Event Description 74,Event Location74,9Sep24A2,9Sep24E74
EV75,11/23/2024,Event Description 75,Event Location75,9Sep24A2,9Sep24E75
EV76,11/24/2024,Event Description 76,Event Location76,9Sep24A2,9Sep24E76
EV77,11/25/2024,Event Description 77,Event Location77,9Sep24A2,9Sep24E77
EV78,11/26/2024,Event Description 78,Event Location78,9Sep24A2,9Sep24E78
EV79,11/27/2024,Event Description 79,Event Location79,9Sep24A2,9Sep24E79
EV80,11/28/2024,Event Description 80,Event Location80,9Sep24A2,9Sep24E80
EV81,11/29/2024,Event Description 81,Event Location81,9Sep24A2,9Sep24E81
EV82,11/30/2024,Event Description 82,Event Location82,9Sep24A2,9Sep24E82
EV83,12/1/2024,Event Description 83,Event Location83,9Sep24A2,9Sep24E83
EV84,12/2/2024,Event Description 84,Event Location84,9Sep24A2,9Sep24E84
EV85,12/3/2024,Event Description 85,Event Location85,9Sep24A2,9Sep24E85
EV86,12/4/2024,Event Description 86,Event Location86,9Sep24A2,9Sep24E86
EV87,12/5/2024,Event Description 87,Event Location87,9Sep24A2,9Sep24E87
EV88,12/6/2024,Event Description 88,Event Location88,9Sep24A2,9Sep24E88
EV89,12/7/2024,Event Description 89,Event Location89,9Sep24A2,9Sep24E89
EV90,12/8/2024,Event Description 90,Event Location90,9Sep24A2,9Sep24E90
EV91,12/9/2024,Event Description 91,Event Location91,9Sep24A2,9Sep24E91
EV92,12/10/2024,Event Description 92,Event Location92,9Sep24A2,9Sep24E92
EV93,12/11/2024,Event Description 93,Event Location93,9Sep24A2,9Sep24E93
EV94,12/12/2024,Event Description 94,Event Location94,9Sep24A2,9Sep24E94
EV95,12/13/2024,Event Description 95,Event Location95,9Sep24A2,9Sep24E95
EV96,12/14/2024,Event Description 96,Event Location96,9Sep24A2,9Sep24E96
EV97,12/15/2024,Event Description 97,Event Location97,9Sep24A2,9Sep24E97
EV98,12/16/2024,Event Description 98,Event Location98,9Sep24A2,9Sep24E98
EV99,12/17/2024,Event Description 99,Event Location99,9Sep24A2,9Sep24E99
EV100,12/18/2024,Event Description 100,Event Location100,9Sep24A2,9Sep24E100
