 Name,"Event__r.External_Key__c
"
Event Register 1,9Sep24E1
Event Register 2,9Sep24E2
Event Register 3,9Sep24E3
Event Register 4,9Sep24E4
Event Register 5,9Sep24E5
Event Register 6,9Sep24E6
Event Register 7,9Sep24E7
Event Register 8,9Sep24E8
Event Register 9,9Sep24E9
Event Register 10,9Sep24E10
Event Register 11,9Sep24E11
Event Register 12,9Sep24E12
Event Register 13,9Sep24E13
Event Register 14,9Sep24E14
Event Register 15,9Sep24E15
Event Register 16,9Sep24E16
Event Register 17,9Sep24E17
Event Register 18,9Sep24E18
Event Register 19,9Sep24E19
Event Register 20,9Sep24E20
Event Register 21,9Sep24E21
Event Register 22,9Sep24E22
Event Register 23,9Sep24E23
Event Register 24,9Sep24E24
Event Register 25,9Sep24E25
Event Register 26,9Sep24E26
Event Register 27,9Sep24E27
Event Register 28,9Sep24E28
Event Register 29,9Sep24E29
Event Register 30,9Sep24E30
Event Register 31,9Sep24E31
Event Register 32,9Sep24E32
Event Register 33,9Sep24E33
Event Register 34,9Sep24E34
Event Register 35,9Sep24E35
Event Register 36,9Sep24E36
Event Register 37,9Sep24E37
Event Register 38,9Sep24E38
Event Register 39,9Sep24E39
Event Register 40,9Sep24E40
Event Register 41,9Sep24E41
Event Register 42,9Sep24E42
Event Register 43,9Sep24E43
Event Register 44,9Sep24E44
Event Register 45,9Sep24E45
Event Register 46,9Sep24E46
Event Register 47,9Sep24E47
Event Register 48,9Sep24E48
Event Register 49,9Sep24E49
Event Register 50,9Sep24E50
Event Register 51,9Sep24E51
Event Register 52,9Sep24E52
Event Register 53,9Sep24E53
Event Register 54,9Sep24E54
Event Register 55,9Sep24E55
Event Register 56,9Sep24E56
Event Register 57,9Sep24E57
Event Register 58,9Sep24E58
Event Register 59,9Sep24E59
Event Register 60,9Sep24E60
Event Register 61,9Sep24E61
Event Register 62,9Sep24E62
Event Register 63,9Sep24E63
Event Register 64,9Sep24E64
Event Register 65,9Sep24E65
Event Register 66,9Sep24E66
Event Register 67,9Sep24E67
Event Register 68,9Sep24E68
Event Register 69,9Sep24E69
Event Register 70,9Sep24E70
Event Register 71,9Sep24E71
Event Register 72,9Sep24E72
Event Register 73,9Sep24E73
Event Register 74,9Sep24E74
Event Register 75,9Sep24E75
Event Register 76,9Sep24E76
Event Register 77,9Sep24E77
Event Register 78,9Sep24E78
Event Register 79,9Sep24E79
Event Register 80,9Sep24E80
Event Register 81,9Sep24E81
Event Register 82,9Sep24E82
Event Register 83,9Sep24E83
Event Register 84,9Sep24E84
Event Register 85,9Sep24E85
Event Register 86,9Sep24E86
Event Register 87,9Sep24E87
Event Register 88,9Sep24E88
Event Register 89,9Sep24E89
Event Register 90,9Sep24E90
Event Register 91,9Sep24E91
Event Register 92,9Sep24E92
Event Register 93,9Sep24E93
Event Register 94,9Sep24E94
Event Register 95,9Sep24E95
Event Register 96,9Sep24E96
Event Register 97,9Sep24E97
Event Register 98,9Sep24E98
Event Register 99,9Sep24E99
Event Register 100,9Sep24E100
